플루크 남녀공용 반팔티셔츠 FST1070Q-GRAY,FST1070Q,GRAY
플루크 남녀공용 반팔티셔츠 FST1070Q-GRAY,FST1070Q,GRAY
플루크 남녀공용 반팔티셔츠 FST1070Q-GRAY,FST1070Q,GRAY
플루크 남녀공용 반팔티셔츠 FST1070Q-WHITE,FST1070Q,WHITE_Black
플루크 남녀공용 반팔티셔츠 FST1070Q-WHITE,FST1070Q,WHITE
플루크 남녀공용 반팔티셔츠 FST1070Q-WHITE,FST1070Q,WHITE
플루크 남녀공용 반팔티셔츠 FST1070Q-WHITE,FST1070Q,WHITE
플루크 남녀공용 반팔티셔츠 FST1070Q-BLACK,FST1070Q,BLACK
플루크 남녀공용 반팔티셔츠 FST1070Q-BLACK,FST1070Q,BLACK B-Name I-name
플루크 남녀공용 반팔티셔츠 FST1070Q-BLACK,FST1070Q,BLACK
플루크 남녀공용 반팔티셔츠 FST1070Q-BLACK,FST1070Q,BLACK
플루크 남녀공용 반팔티셔츠 FST1069Q-GRAY,FST1069Q,GRAY
플루크 남녀공용 반팔티셔츠 FST1069Q-GRAY,FST1069Q,GRAY
플루크 남녀공용 반팔티셔츠 FST1069Q-GRAY,FST1069Q,GRAY
플루크 남녀공용 반팔티셔츠 FST1069Q-GRAY,FST1069Q,GRAY
플루크 남녀공용 반팔티셔츠 FST1069Q-WHITE,FST1069Q,WHITE
플루크 남녀공용 반팔티셔츠 FST1069Q-WHITE,FST1069Q,WHITE
플루크 남녀공용 반팔티셔츠 FST1069Q-WHITE,FST1069Q,WHITE
플루크 남녀공용 반팔티셔츠 FST1069Q-WHITE,FST1069Q,WHITE
플루크 남녀공용 반팔티셔츠 FST1069Q-BLACK,FST1069Q,BLACK
플루크 남녀공용 반팔티셔츠 FST1069Q-BLACK,FST1069Q,BLACK
플루크 남녀공용 반팔티셔츠 FST1069Q-BLACK,FST1069Q,BLACK
플루크 남녀공용 반팔티셔츠 FST1069Q-BLACK,FST1069Q,BLACK
플루크 남녀공용 반팔티셔츠 FST1068Q-GRAY,FST1068Q,GRAY
플루크 남녀공용 반팔티셔츠 FST1068Q-GRAY,FST1068Q,GRAY
플루크 남녀공용 반팔티셔츠 FST1068Q-GRAY,FST1068Q,GRAY
플루크 남녀공용 반팔티셔츠 FST1068Q-GRAY,FST1068Q,GRAY
플루크 남녀공용 반팔티셔츠 FST1068Q-WHITE,FST1068Q,WHITE
플루크 남녀공용 반팔티셔츠 FST1068Q-WHITE,FST1068Q,WHITE
플루크 남녀공용 반팔티셔츠 FST1068Q-WHITE,FST1068Q,WHITE
플루크 남녀공용 반팔티셔츠 FST1068Q-WHITE,FST1068Q,WHITE
플루크 남녀공용 반팔티셔츠 FST1068Q-BLACK,FST1068Q,BLACK
플루크 남녀공용 반팔티셔츠 FST1068Q-BLACK,FST1068Q,BLACK
플루크 남녀공용 반팔티셔츠 FST1068Q-BLACK,FST1068Q,BLACK
플루크 남녀공용 반팔티셔츠 FST1068Q-BLACK,FST1068Q,BLACK
플루크 남녀공용 반팔티셔츠 FST1067Q-WHITE,FST1067Q,WHITE
플루크 남녀공용 반팔티셔츠 FST1067Q-WHITE,FST1067Q,WHITE
플루크 남녀공용 반팔티셔츠 FST1067Q-WHITE,FST1067Q,WHITE
플루크 남녀공용 반팔티셔츠 FST1067Q-WHITE,FST1067Q,WHITE
플루크 남녀공용 반팔티셔츠 FST1067Q-BLACK,FST1067Q,BLACK
플루크 남녀공용 반팔티셔츠 FST1067Q-BLACK,FST1067Q,BLACK
플루크 남녀공용 반팔티셔츠 FST1067Q-BLACK,FST1067Q,BLACK
플루크 남녀공용 반팔티셔츠 FST1067Q-BLACK,FST1067Q,BLACK
플루크 남녀공용 반팔티셔츠 FST1066Q-GRAY,FST1066Q,GRAY
플루크 남녀공용 반팔티셔츠 FST1066Q-GRAY,FST1066Q,GRAY
플루크 남녀공용 반팔티셔츠 FST1066Q-GRAY,FST1066Q,GRAY
플루크 남녀공용 반팔티셔츠 FST1066Q-GRAY,FST1066Q,GRAY
플루크 남녀공용 반팔티셔츠 FST1066Q-WHITE,FST1066Q,WHITE
플루크 남녀공용 반팔티셔츠 FST1066Q-WHITE,FST1066Q,WHITE
플루크 남녀공용 반팔티셔츠 FST1066Q-WHITE,FST1066Q,WHITE
플루크 남녀공용 반팔티셔츠 FST1066Q-WHITE,FST1066Q,WHITE
플루크 남녀공용 반팔티셔츠 FST1066Q-BLACK,FST1066Q,BLACK
플루크 남녀공용 반팔티셔츠 FST1066Q-BLACK,FST1066Q,BLACK
플루크 남녀공용 반팔티셔츠 FST1066Q-BLACK,FST1066Q,BLACK
플루크 남녀공용 반팔티셔츠 FST1066Q-BLACK,FST1066Q,BLACK
플루크 남녀공용 반팔티셔츠 FST1065Q-GRAY,FST1065Q,GRAY
플루크 남녀공용 반팔티셔츠 FST1065Q-GRAY,FST1065Q,GRAY
플루크 남녀공용 반팔티셔츠 FST1065Q-GRAY,FST1065Q,GRAY
플루크 남녀공용 반팔티셔츠 FST1065Q-GRAY,FST1065Q,GRAY
플루크 남녀공용 반팔티셔츠 FST1065Q-WHITE,FST1065Q,WHITE
플루크 남녀공용 반팔티셔츠 FST1065Q-WHITE,FST1065Q,WHITE
플루크 남녀공용 반팔티셔츠 FST1065Q-WHITE,FST1065Q,WHITE
플루크 남녀공용 반팔티셔츠 FST1065Q-WHITE,FST1065Q,WHITE
플루크 남녀공용 반팔티셔츠 FST1065Q-BLACK,FST1065Q,BLACK
플루크 남녀공용 반팔티셔츠 FST1065Q-BLACK,FST1065Q,BLACK
플루크 남녀공용 반팔티셔츠 FST1065Q-BLACK,FST1065Q,BLACK
플루크 남녀공용 반팔티셔츠 FST1065Q-BLACK,FST1065Q,BLACK
플루크 남녀공용 반팔티셔츠 FST1064Q-WHITE,FST1064Q,WHITE
플루크 남녀공용 반팔티셔츠 FST1064Q-WHITE,FST1064Q,WHITE
플루크 남녀공용 반팔티셔츠 FST1064Q-WHITE,FST1064Q,WHITE
플루크 남녀공용 반팔티셔츠 FST1064Q-WHITE,FST1064Q,WHITE
플루크 남녀공용 반팔티셔츠 FST1064Q-BLACK,FST1064Q,BLACK
플루크 남녀공용 반팔티셔츠 FST1064Q-BLACK,FST1064Q,BLACK
플루크 남녀공용 반팔티셔츠 FST1064Q-BLACK,FST1064Q,BLACK
플루크 남녀공용 반팔티셔츠 FST1064Q-BLACK,FST1064Q,BLACK
플루크 남녀공용 반팔티셔츠 FST1063Q-GRAY,FST1063Q,GRAY
플루크 남녀공용 반팔티셔츠 FST1063Q-GRAY,FST1063Q,GRAY
플루크 남녀공용 반팔티셔츠 FST1063Q-GRAY,FST1063Q,GRAY
플루크 남녀공용 반팔티셔츠 FST1063Q-GRAY,FST1063Q,GRAY
플루크 남녀공용 반팔티셔츠 FST1063Q-WHITE,FST1063Q,WHITE
플루크 남녀공용 반팔티셔츠 FST1063Q-WHITE,FST1063Q,WHITE
플루크 남녀공용 반팔티셔츠 FST1063Q-WHITE,FST1063Q,WHITE
플루크 남녀공용 반팔티셔츠 FST1063Q-WHITE,FST1063Q,WHITE
플루크 남녀공용 반팔티셔츠 FST1063Q-BLACK,FST1063Q,BLACK
플루크 남녀공용 반팔티셔츠 FST1063Q-BLACK,FST1063Q,BLACK
플루크 남녀공용 반팔티셔츠 FST1063Q-BLACK,FST1063Q,BLACK
플루크 남녀공용 반팔티셔츠 FST1063Q-BLACK,FST1063Q,BLACK
플루크 남녀공용 반팔티셔츠 FST1062Q-GRAY,FST1062Q,GRAY
플루크 남녀공용 반팔티셔츠 FST1062Q-GRAY,FST1062Q,GRAY
플루크 남녀공용 반팔티셔츠 FST1062Q-GRAY,FST1062Q,GRAY
플루크 남녀공용 반팔티셔츠 FST1062Q-GRAY,FST1062Q,GRAY
플루크 남녀공용 반팔티셔츠 FST1062Q-WHITE,FST1062Q,WHITE
플루크 남녀공용 반팔티셔츠 FST1062Q-WHITE,FST1062Q,WHITE
플루크 남녀공용 반팔티셔츠 FST1062Q-WHITE,FST1062Q,WHITE
플루크 남녀공용 반팔티셔츠 FST1062Q-WHITE,FST1062Q,WHITE
플루크 남녀공용 반팔티셔츠 FST1062Q-BLACK,FST1062Q,BLACK
플루크 남녀공용 반팔티셔츠 FST1062Q-BLACK,FST1062Q,BLACK
플루크 남녀공용 반팔티셔츠 FST1062Q-BLACK,FST1062Q,BLACK
플루크 남녀공용 반팔티셔츠 FST1062Q-BLACK,FST1062Q,BLACK
플루크 남녀공용 반팔티셔츠 FST1061Q-GRAY,FST1061Q,GRAY
플루크 남녀공용 반팔티셔츠 FST1061Q-GRAY,FST1061Q,GRAY
플루크 남녀공용 반팔티셔츠 FST1061Q-GRAY,FST1061Q,GRAY
플루크 남녀공용 반팔티셔츠 FST1061Q-GRAY,FST1061Q,GRAY
플루크 남녀공용 반팔티셔츠 FST1061Q-WHITE,FST1061Q,WHITE
플루크 남녀공용 반팔티셔츠 FST1061Q-WHITE,FST1061Q,WHITE
플루크 남녀공용 반팔티셔츠 FST1061Q-WHITE,FST1061Q,WHITE
플루크 남녀공용 반팔티셔츠 FST1061Q-WHITE,FST1061Q,WHITE
플루크 남녀공용 반팔티셔츠 FST1061Q-BLACK,FST1061Q,BLACK
플루크 남녀공용 반팔티셔츠 FST1061Q-BLACK,FST1061Q,BLACK
플루크 남녀공용 반팔티셔츠 FST1061Q-BLACK,FST1061Q,BLACK
플루크 남녀공용 반팔티셔츠 FST1061Q-BLACK,FST1061Q,BLACK
플루크 남녀공용 반팔티셔츠 FST1060Q-GRAY,FST1060Q,GRAY
플루크 남녀공용 반팔티셔츠 FST1060Q-GRAY,FST1060Q,GRAY
플루크 남녀공용 반팔티셔츠 FST1060Q-GRAY,FST1060Q,GRAY
플루크 남녀공용 반팔티셔츠 FST1060Q-GRAY,FST1060Q,GRAY
플루크 남녀공용 반팔티셔츠 FST1060Q-WHITE,FST1060Q,WHITE
플루크 남녀공용 반팔티셔츠 FST1060Q-WHITE,FST1060Q,WHITE
플루크 남녀공용 반팔티셔츠 FST1060Q-WHITE,FST1060Q,WHITE
플루크 남녀공용 반팔티셔츠 FST1060Q-WHITE,FST1060Q,WHITE
플루크 남녀공용 반팔티셔츠 FST1060Q-BLACK,FST1060Q,BLACK
플루크 남녀공용 반팔티셔츠 FST1060Q-BLACK,FST1060Q,BLACK
플루크 남녀공용 반팔티셔츠 FST1060Q-BLACK,FST1060Q,BLACK
플루크 남녀공용 반팔티셔츠 FST1060Q-BLACK,FST1060Q,BLACK
플루크 남녀공용 반팔티셔츠 FST1059Q-WHITE,FST1059Q,WHITE
플루크 남녀공용 반팔티셔츠 FST1059Q-WHITE,FST1059Q,WHITE
플루크 남녀공용 반팔티셔츠 FST1059Q-WHITE,FST1059Q,WHITE
플루크 남녀공용 반팔티셔츠 FST1059Q-WHITE,FST1059Q,WHITE
플루크 남녀공용 반팔티셔츠 FST1059Q-BLACK,FST1059Q,BLACK
플루크 남녀공용 반팔티셔츠 FST1059Q-BLACK,FST1059Q,BLACK
플루크 남녀공용 반팔티셔츠 FST1059Q-BLACK,FST1059Q,BLACK
플루크 남녀공용 반팔티셔츠 FST1059Q-BLACK,FST1059Q,BLACK
플루크 남녀공용 반팔티셔츠 FST1058Q-WHITE,FST1058Q,WHITE
플루크 남녀공용 반팔티셔츠 FST1058Q-WHITE,FST1058Q,WHITE
플루크 남녀공용 반팔티셔츠 FST1058Q-WHITE,FST1058Q,WHITE
플루크 남녀공용 반팔티셔츠 FST1058Q-WHITE,FST1058Q,WHITE
플루크 남녀공용 반팔티셔츠 FST1058Q-BLACK,FST1058Q,BLACK
플루크 남녀공용 반팔티셔츠 FST1058Q-BLACK,FST1058Q,BLACK
플루크 남녀공용 반팔티셔츠 FST1058Q-BLACK,FST1058Q,BLACK
플루크 남녀공용 반팔티셔츠 FST1058Q-BLACK,FST1058Q,BLACK
플루크 남녀공용 반팔티셔츠 FST1057Q-BLACK,FST1057Q,BLACK
플루크 남녀공용 반팔티셔츠 FST1057Q-BLACK,FST1057Q,BLACK
플루크 남녀공용 반팔티셔츠 FST1057Q-BLACK,FST1057Q,BLACK
플루크 남녀공용 반팔티셔츠 FST1057Q-BLACK,FST1057Q,BLACK
플루크 남여공용 반팔티셔츠 FST1057Q-GRAY,FST1057Q,GRAY
플루크 남여공용 반팔티셔츠 FST1057Q-GRAY,FST1057Q,GRAY
플루크 남여공용 반팔티셔츠 FST1057Q-GRAY,FST1057Q,GRAY
플루크 남여공용 반팔티셔츠 FST1057Q-GRAY,FST1057Q,GRAY
플루크 남여공용 맨투맨티셔츠 FMT3112-BLACK,FMT3112,BLACK
플루크 남여공용 맨투맨티셔츠 FMT3112-BLACK,FMT3112,BLACK
플루크 남여공용 맨투맨티셔츠 FMT3112-BLACK,FMT3112,BLACK
플루크 남여공용 맨투맨티셔츠 FMT3112-BLACK,FMT3112,BLACK
플루크 남여공용 맨투맨티셔츠 FMT3112-GRAY,FMT3112,GRAY
플루크 남여공용 맨투맨티셔츠 FMT3112-GRAY,FMT3112,GRAY
플루크 남여공용 맨투맨티셔츠 FMT3112-GRAY,FMT3112,GRAY
플루크 남여공용 맨투맨티셔츠 FMT3112-GRAY,FMT3112,GRAY
플루크 남여공용 맨투맨티셔츠 FMT3112-WHITE,FMT3112,WHITE
플루크 남여공용 맨투맨티셔츠 FMT3112-WHITE,FMT3112,WHITE
플루크 남여공용 맨투맨티셔츠 FMT3112-WHITE,FMT3112,WHITE
플루크 남여공용 맨투맨티셔츠 FMT3112-WHITE,FMT3112,WHITE
플루크 남여공용 맨투맨티셔츠 FMT3111-BLACK,FMT3111,BLACK
플루크 남여공용 맨투맨티셔츠 FMT3111-BLACK,FMT3111,BLACK
플루크 남여공용 맨투맨티셔츠 FMT3111-BLACK,FMT3111,BLACK
플루크 남여공용 맨투맨티셔츠 FMT3111-BLACK,FMT3111,BLACK
플루크 남여공용 맨투맨티셔츠 FMT3111-NAVY,FMT3111,NAVY
플루크 남여공용 맨투맨티셔츠 FMT3111-NAVY,FMT3111,NAVY
플루크 남여공용 맨투맨티셔츠 FMT3111-NAVY,FMT3111,NAVY
플루크 남여공용 맨투맨티셔츠 FMT3111-NAVY,FMT3111,NAVY
플루크 남여공용 맨투맨티셔츠 FMT3110-GRAY,FMT3110,GRAY
플루크 남여공용 맨투맨티셔츠 FMT3110-GRAY,FMT3110,GRAY
플루크 남여공용 맨투맨티셔츠 FMT3110-GRAY,FMT3110,GRAY
플루크 남여공용 맨투맨티셔츠 FMT3110-GRAY,FMT3110,GRAY
플루크 남여공용 맨투맨티셔츠 FMT3110-WHITE,FMT3110,WHITE
플루크 남여공용 맨투맨티셔츠 FMT3110-WHITE,FMT3110,WHITE
플루크 남여공용 맨투맨티셔츠 FMT3110-WHITE,FMT3110,WHITE
플루크 남여공용 맨투맨티셔츠 FMT3110-WHITE,FMT3110,WHITE
플루크 남여공용 맨투맨티셔츠 FMT3110-RED,FMT3110,RED
플루크 남여공용 맨투맨티셔츠 FMT3110-RED,FMT3110,RED
플루크 남여공용 맨투맨티셔츠 FMT3110-RED,FMT3110,RED
플루크 남여공용 맨투맨티셔츠 FMT3110-RED,FMT3110,RED
플루크 남여공용 맨투맨티셔츠 FMT3110-BLACK,FMT3110,BLACK
플루크 남여공용 맨투맨티셔츠 FMT3110-BLACK,FMT3110,BLACK
플루크 남여공용 맨투맨티셔츠 FMT3110-BLACK,FMT3110,BLACK
플루크 남여공용 맨투맨티셔츠 FMT3110-BLACK,FMT3110,BLACK
플루크 남여공용 맨투맨티셔츠 FMT3109-BLACK,FMT3109,BLACK
플루크 남여공용 맨투맨티셔츠 FMT3109-BLACK,FMT3109,BLACK
플루크 남여공용 맨투맨티셔츠 FMT3109-BLACK,FMT3109,BLACK
플루크 남여공용 맨투맨티셔츠 FMT3109-BLACK,FMT3109,BLACK
플루크 남여공용 맨투맨티셔츠 FMT3109-WHITE,FMT3109,WHITE
플루크 남여공용 맨투맨티셔츠 FMT3109-WHITE,FMT3109,WHITE
플루크 남여공용 맨투맨티셔츠 FMT3109-WHITE,FMT3109,WHITE
플루크 남여공용 맨투맨티셔츠 FMT3109-WHITE,FMT3109,WHITE
플루크 남여공용 맨투맨티셔츠 FMT3108-WHITE,FMT3108,WHITE
플루크 남여공용 맨투맨티셔츠 FMT3108-WHITE,FMT3108,WHITE
플루크 남여공용 맨투맨티셔츠 FMT3108-WHITE,FMT3108,WHITE
플루크 남여공용 맨투맨티셔츠 FMT3108-WHITE,FMT3108,WHITE
플루크 남여공용 맨투맨티셔츠 FMT3108-BLACK,FMT3108,BLACK
플루크 남여공용 맨투맨티셔츠 FMT3108-BLACK,FMT3108,BLACK
플루크 남여공용 맨투맨티셔츠 FMT3108-BLACK,FMT3108,BLACK
플루크 남여공용 맨투맨티셔츠 FMT3108-BLACK,FMT3108,BLACK
플루크 남여공용 맨투맨티셔츠 FMT3107-BLACK,FMT3107,BLACK
플루크 남여공용 맨투맨티셔츠 FMT3107-BLACK,FMT3107,BLACK
플루크 남여공용 맨투맨티셔츠 FMT3107-BLACK,FMT3107,BLACK
플루크 남여공용 맨투맨티셔츠 FMT3107-BLACK,FMT3107,BLACK
플루크 남여공용 맨투맨티셔츠 FMT3107-DARKGRAY,FMT3107,DARKGRAY
플루크 남여공용 맨투맨티셔츠 FMT3107-DARKGRAY,FMT3107,DARKGRAY
플루크 남여공용 맨투맨티셔츠 FMT3107-DARKGRAY,FMT3107,DARKGRAY
플루크 남여공용 맨투맨티셔츠 FMT3107-DARKGRAY,FMT3107,DARKGRAY
플루크 남여공용 맨투맨티셔츠 FMT3107-GRAY,FMT3107,GRAY
플루크 남여공용 맨투맨티셔츠 FMT3107-GRAY,FMT3107,GRAY
플루크 남여공용 맨투맨티셔츠 FMT3107-GRAY,FMT3107,GRAY
플루크 남여공용 맨투맨티셔츠 FMT3107-GRAY,FMT3107,GRAY
플루크 남여공용 맨투맨티셔츠 FMT3107-WHITE,FMT3107,WHITE
플루크 남여공용 맨투맨티셔츠 FMT3107-WHITE,FMT3107,WHITE
플루크 남여공용 맨투맨티셔츠 FMT3107-WHITE,FMT3107,WHITE
플루크 남여공용 맨투맨티셔츠 FMT3107-WHITE,FMT3107,WHITE
플루크 남여공용 맨투맨티셔츠 FMT3107-GREEN,FMT3107,GREEN
플루크 남여공용 맨투맨티셔츠 FMT3107-GREEN,FMT3107,GREEN
플루크 남여공용 맨투맨티셔츠 FMT3107-GREEN,FMT3107,GREEN
플루크 남여공용 맨투맨티셔츠 FMT3107-GREEN,FMT3107,GREEN
플루크 남여공용 맨투맨티셔츠 FMT3114-GRAY,FMT3114,GRAY
플루크 남여공용 맨투맨티셔츠 FMT3114-GRAY,FMT3114,GRAY
플루크 남여공용 맨투맨티셔츠 FMT3114-GRAY,FMT3114,GRAY
플루크 남여공용 맨투맨티셔츠 FMT3114-GRAY,FMT3114,GRAY
플루크 남여공용 맨투맨티셔츠 FMT3114-BLACK,FMT3114,BLACK
플루크 남여공용 맨투맨티셔츠 FMT3114-BLACK,FMT3114,BLACK
플루크 남여공용 맨투맨티셔츠 FMT3114-BLACK,FMT3114,BLACK
플루크 남여공용 맨투맨티셔츠 FMT3114-BLACK,FMT3114,BLACK
플루크 남여공용 맨투맨티셔츠 FMT3113-GREEN,FMT3113,GREEN
플루크 남여공용 맨투맨티셔츠 FMT3113-GREEN,FMT3113,GREEN
플루크 남여공용 맨투맨티셔츠 FMT3113-GREEN,FMT3113,GREEN
플루크 남여공용 맨투맨티셔츠 FMT3113-GREEN,FMT3113,GREEN
플루크 남여공용 맨투맨티셔츠 FMT3113-GRAY,FMT3113,GRAY
플루크 남여공용 맨투맨티셔츠 FMT3113-GRAY,FMT3113,GRAY
플루크 남여공용 맨투맨티셔츠 FMT3113-GRAY,FMT3113,GRAY
플루크 남여공용 맨투맨티셔츠 FMT3113-GRAY,FMT3113,GRAY
플루크 남여공용 맨투맨티셔츠 FMT3113-BLACK,FMT3113,BLACK
플루크 남여공용 맨투맨티셔츠 FMT3113-BLACK,FMT3113,BLACK
플루크 남여공용 맨투맨티셔츠 FMT3113-BLACK,FMT3113,BLACK
플루크 남여공용 맨투맨티셔츠 FMT3113-BLACK,FMT3113,BLACK
플루크 남여공용 맨투맨티셔츠 FMT3113-NAVY,FMT3113,NAVY
플루크 남여공용 맨투맨티셔츠 FMT3113-NAVY,FMT3113,NAVY
플루크 남여공용 맨투맨티셔츠 FMT3113-NAVY,FMT3113,NAVY
플루크 남여공용 맨투맨티셔츠 FMT3113-NAVY,FMT3113,NAVY
플루크 남여공용 맨투맨티셔츠 FMT3113-SKY,FMT3113,SKY
플루크 남여공용 맨투맨티셔츠 FMT3113-SKY,FMT3113,SKY
플루크 남여공용 맨투맨티셔츠 FMT3113-SKY,FMT3113,SKY
플루크 남여공용 맨투맨티셔츠 FMT3113-SKY,FMT3113,SKY
플루크 남여공용 맨투맨티셔츠 FMT3113-RED,FMT3113,RED
플루크 남여공용 맨투맨티셔츠 FMT3113-RED,FMT3113,RED
플루크 남여공용 맨투맨티셔츠 FMT3113-RED,FMT3113,RED
플루크 남여공용 맨투맨티셔츠 FMT3113-RED,FMT3113,RED